#id, author lastName, author firstName
6141ce5f-1c34-4bd2-919d-47f04e174d62,Jones,Sophia
509fda37-bc0d-4c29-a28a-23e3f5c48e40,Sargent,Bryson
4744aa0f-8060-4c2f-be22-da18e5838c1f,Santiago,Cooper
b9080b76-6fff-4832-8662-e59499d474b2,Maynard,Kaylee
ca1944fc-6fc3-4442-8a70-bb3e1b43088a,Bright,Julian
be77de54-d253-489e-8a5f-100456bbe88a,Long,Olivia
2b4b49eb-6730-484f-a53b-fa90800d2dfc,Gibbs,Madelyn
d219597e-e213-425b-a8fb-6159eeb93e51,Grant,Kennedy
610c4c4b-4447-432c-beba-90dc745f0713,Wilkerson,Jace
2eb00e72-b6ff-4ac0-b050-e2603c304575,Benjamin,Tristan
22d29ee0-3aaf-455d-ab8c-36fadfcae755,Hansen,Lydia
106747c3-8dda-40df-a0d9-d9fe05d82cd2,Stein,Trinity
01d7abfc-7b83-4cea-85ab-188039b87cdf,Buckner,Evan
93d784df-f00e-4e64-93b5-db762b62b54d,Peck,Ella
93a7f5c4-b25f-49ce-899d-bb61589ac05a,Compton,Harper
7c304111-3530-4303-b023-e5443b879bc3,Maynard,Blake
ec1228a4-e6af-4d4c-9b9e-b428e1c59ebe,Key,Mia
3a75018d-0c7f-4f41-a367-59e71052c8ed,Compton,Grace
cd614013-5511-46d1-ba56-b1d195de6790,Pearson,Samuel
8d08a320-5582-4b85-a105-60fe36123819,Russell,Benjamin
